marketplace,categoria,titulo,ranking_venda,preco,link_produto,link_imagem_produto,data_extracao
Mercado Livre,Games,Ssd M.2 2280 Nvme Kingston 1tb Nv3 Snv3s/1000g Pci-e Gen 4.0 Formato M.2 2280 Velocidade De Leitura Até 6000 Mb/s E Gravação Até 4000 Mb/s Cor Azul-escuro,1,413,https://www.mercadolivre.com.br/ssd-m2-2280-nvme-kingston-1tb-nv3-snv3s1000g-pci-e-gen-40-formato-m2-2280-velocidade-de-leitura-ate-6000-mbs-e-gravaco-ate-4000-mbs-cor-azul-escuro/p/MLB39766120,https://http2.mlstatic.com/D_Q_NP_821973-MLA81427650462_122024-P.webp,2025-05-23 20:14:53.292715
Mercado Livre,Games,Controle joystick sem fio Sony PlayStation 5 DualSense midnight black,2,"459,08",https://www.mercadolivre.com.br/controle-joystick-sem-fio-sony-playstation-5-dualsense-midnight-black/p/MLB18010993,https://http2.mlstatic.com/D_Q_NP_852815-MLA84840967263_052025-P.webp,2025-05-23 20:14:53.292715
Mercado Livre,Games,Microfone Hollyland Lark M2 Duo Combo Duplo Para 2 Pessoas Cor Preto,3,1,https://www.mercadolivre.com.br/microfone-hollyland-lark-m2-duo-combo-duplo-para-2-pessoas-cor-preto/p/MLB34016199,https://http2.mlstatic.com/D_Q_NP_947018-MLU74678147031_022024-P.webp,2025-05-23 20:14:53.292715
Mercado Livre,Games,Controle Xbox Wireless Series X|s Carbon black,4,"404,19",https://www.mercadolivre.com.br/controle-xbox-wireless-series-xs-carbon-black/p/MLB16268160,https://http2.mlstatic.com/D_Q_NP_903265-MLU72824211081_112023-P.webp,2025-05-23 20:14:53.292715
Mercado Livre,Games,Console PlayStation 5 Midia Fisica Slim Branco 1TB Returnal e Ratchet e Clank Controle Sem Fio Dualsense Branco,5,"3,07",https://www.mercadolivre.com.br/console-playstation-5-midia-fisica-slim-branco-1tb-returnal-e-ratchet-e-clank-controle-sem-fio-dualsense-branco/p/MLB39459985,https://http2.mlstatic.com/D_Q_NP_697302-MLU78076147107_072024-P.webp,2025-05-23 20:14:53.292715
Mercado Livre,Games,Controle Joystick Bluetooth Sem Fio Para Tv Pc Cor Preto,6,"58,49",https://www.mercadolivre.com.br/controle-joystick-bluetooth-sem-fio-para-tv-pc-cor-preto/p/MLB26899378,https://http2.mlstatic.com/D_Q_NP_898941-MLA79452454151_092024-P.webp,2025-05-23 20:14:53.292715
Mercado Livre,Games,Controle Sem Fio Deltrad Pc Gamer Smart Tv Joystick Android Compativel Play 4 Cor Preto,7,"57,10",https://www.mercadolivre.com.br/controle-sem-fio-deltrad-pc-gamer-smart-tv-joystick-android-compativel-play-4-cor-preto/p/MLB29397802,https://http2.mlstatic.com/D_Q_NP_862409-MLU79311757135_092024-P.webp,2025-05-23 20:14:53.292715
Mercado Livre,Games,SSD Crucial BX500 240GB Disco Rígido Interno Alta Velocidade Preto Modelo CT240BX500SSD1,8,152,https://www.mercadolivre.com.br/ssd-crucial-bx500-240gb-disco-rigido-interno-alta-velocidade-preto-modelo-ct240bx500ssd1/p/MLB18102729,https://http2.mlstatic.com/D_Q_NP_840019-MLU72566263316_112023-P.webp,2025-05-23 20:14:53.292715
Mercado Livre,Games,Controle Sem Fio Xbox Doom: The Dark Ages Edição Limitada - Ep2-25652,9,699,https://www.mercadolivre.com.br/controle-sem-fio-xbox-doom-the-dark-ages-edico-limitada-ep2-25652/p/MLB50044058,https://http2.mlstatic.com/D_Q_NP_723097-MLA84463855222_052025-P.webp,2025-05-23 20:14:53.292715
Mercado Livre,Games,Fone De Ouvido Gamer Rgb Headset Headphone P/ Celular Pc Ps4 Cor Azul,10,"54,99",https://www.mercadolivre.com.br/fone-de-ouvido-gamer-rgb-headset-headphone-p-celular-pc-ps4-cor-azul/p/MLB24226986,https://http2.mlstatic.com/D_Q_NP_734290-MLU77144590838_062024-P.webp,2025-05-23 20:14:53.292715
Mercado Livre,Games,Disco sólido interno Western Digital WD Green WDS100T3G0A 1TB verde,11,376,https://www.mercadolivre.com.br/disco-solido-interno-western-digital-wd-green-wds100t3g0a-1tb-verde/p/MLB14661338,https://http2.mlstatic.com/D_Q_NP_859585-MLU70027970531_062023-P.webp,2025-05-23 20:14:53.292715
Mercado Livre,Games,Microfone Lapela Com Imã Tipo C Anti Ruido Redondo Kaidi Cor Preto,12,"81,93",https://www.mercadolivre.com.br/microfone-lapela-com-im-tipo-c-anti-ruido-redondo-kaidi-cor-preto/p/MLB44598312,https://http2.mlstatic.com/D_Q_NP_890686-MLA84782178338_052025-P.webp,2025-05-23 20:14:53.292715
Mercado Livre,Games,Controle Gamesir T4 Nova Lite Sem Fio Para Pc Switch Android Ios Steam Celular Hall Effect Cor Space Purple,13,182,https://www.mercadolivre.com.br/controle-gamesir-t4-nova-lite-sem-fio-para-pc-switch-android-ios-steam-celular-hall-effect-cor-space-purple/p/MLB35655836,https://http2.mlstatic.com/D_Q_NP_743839-MLA80785848007_112024-P.webp,2025-05-23 20:14:53.292715
Mercado Livre,Games,SSD240GB Adata 3 2.5 SU650 ASU650SS-240GT-R 240GB preto,14,"146,60",https://www.mercadolivre.com.br/ssd240gb-adata-3-25-su650-asu650ss-240gt-r-240gb-preto/p/MLB15749699,https://http2.mlstatic.com/D_Q_NP_892218-MLU71801814925_092023-P.webp,2025-05-23 20:14:53.292715
Mercado Livre,Games,SSD Disco sólido interno Crucial 500 GB Preto,15,219,https://www.mercadolivre.com.br/ssd-disco-solido-interno-crucial-500-gb-preto/p/MLB19614825,https://http2.mlstatic.com/D_Q_NP_925187-MLA51839759055_102022-P.webp,2025-05-23 20:14:53.292715
Mercado Livre,Games,Ssd Kingston 480GB Sata III A400 SA400S37/480G Preto,16,"246,60",https://www.mercadolivre.com.br/ssd-kingston-480gb-sata-iii-a400-sa400s37480g-preto/p/MLB27966626,https://http2.mlstatic.com/D_Q_NP_603054-MLU72717454543_112023-P.webp,2025-05-23 20:14:53.292715
Mercado Livre,Games,Sony PlayStation 5 Slim Digital CFI-2000 1 TB Ratchet & Clank Rift Apart Returnal color branco,17,3,https://www.mercadolivre.com.br/sony-playstation-5-slim-digital-cfi-2000-1-tb-ratchet-clank-rift-apart-returnal-color-branco/p/MLB37300294,https://http2.mlstatic.com/D_Q_NP_948815-MLU76516576246_052024-P.webp,2025-05-23 20:14:53.292715
Mercado Livre,Games,Controle Compatível Ps4 Bluetooth Pc Gamer Tv Smart Preto,18,"50,22",https://www.mercadolivre.com.br/controle-compativel-ps4-bluetooth-pc-gamer-tv-smart-preto/p/MLB36590147,https://http2.mlstatic.com/D_Q_NP_980942-MLA80446002375_112024-P.webp,2025-05-23 20:14:53.292715
Mercado Livre,Games,Fone De Ouvido Retorno De Palco Qkz Ak6 Com Microfone + Case Cor Azul,19,"35,38",https://www.mercadolivre.com.br/fone-de-ouvido-retorno-de-palco-qkz-ak6-com-microfone-case-cor-azul/p/MLB24284562,https://http2.mlstatic.com/D_Q_NP_985653-MLU77144386264_062024-P.webp,2025-05-23 20:14:53.292715
Mercado Livre,Games,Controle joystick sem fio Sony PlayStation Dualshock 4 Wireless controller gold,20,479,https://www.mercadolivre.com.br/controle-joystick-sem-fio-sony-playstation-dualshock-4-wireless-controller-gold/p/MLB10312322,https://http2.mlstatic.com/D_Q_NP_905297-MLU78097582872_082024-P.webp,2025-05-23 20:14:53.292715
Mercado Livre,Eletrodomésticos,Liquidificador Turbo Power Mondial Vermelho 550w L-99 FR 220V,1,"113,15",https://www.mercadolivre.com.br/liquidificador-turbo-power-mondial-vermelho-550w-l-99-fr-220v/p/MLB15699907,https://http2.mlstatic.com/D_Q_NP_668900-MLA42362912939_062020-P.webp,2025-05-23 20:14:53.292715
Mercado Livre,Eletrodomésticos,Liquidificador PH900 Com 12 Velocidades 1200W Cor Preto Philco 127V,2,119,https://www.mercadolivre.com.br/liquidificador-ph900-com-12-velocidades-1200w-cor-preto-philco-127v/p/MLB15578941,https://http2.mlstatic.com/D_Q_NP_601586-MLA78076031678_082024-P.webp,2025-05-23 20:14:53.292715
Mercado Livre,Eletrodomésticos,"Chaleira Eletrica Atacama 1,8l - Unitermi 127V",3,"46,39",https://www.mercadolivre.com.br/chaleira-eletrica-atacama-18l-unitermi-127v/p/MLB13409957,https://http2.mlstatic.com/D_Q_NP_723431-MLA42267217934_062020-P.webp,2025-05-23 20:14:53.292715
Mercado Livre,Eletrodomésticos,Britânia BAS1295P aspirador de pó 2 em 1 1250w preto 110V,4,"150,23",https://www.mercadolivre.com.br/britnia-bas1295p-aspirador-de-po-2-em-1-1250w-preto-110v/p/MLB25860033,https://http2.mlstatic.com/D_Q_NP_885922-MLU73363664774_122023-P.webp,2025-05-23 20:14:53.292715
Mercado Livre,Eletrodomésticos,Nebulizador e Inalador Bivolt Super Flow Compact DC1 G-Tech,5,"89,49",https://www.mercadolivre.com.br/nebulizador-e-inalador-bivolt-super-flow-compact-dc1-g-tech/p/MLB14954225,https://http2.mlstatic.com/D_Q_NP_722962-MLA84542458126_052025-P.webp,2025-05-23 20:14:53.292715
Mercado Livre,Eletrodomésticos,Fritadeira sem óleo air fryer 4L Mondial preto 1500W AFN-40-BFT,6,"298,98",https://www.mercadolivre.com.br/fritadeira-sem-oleo-air-fryer-4l-mondial-preto-1500w-afn-40-bft/p/MLB22530387,https://http2.mlstatic.com/D_Q_NP_808340-MLU76375530160_052024-P.webp,2025-05-23 20:14:53.292715
Mercado Livre,Eletrodomésticos,Sanduicheira Elétrica Cadence SAN400 Potência de 750W Preto 220V,7,109,https://www.mercadolivre.com.br/sanduicheira-eletrica-cadence-san400-potncia-de-750w-preto-220v/p/MLB25741527,https://http2.mlstatic.com/D_Q_NP_924169-MLA84846535705_052025-P.webp,2025-05-23 20:14:53.292715
Mercado Livre,Eletrodomésticos,Filtro/Refil Original de Água Acqua Pure para Purificador de água Electrolux PE12A/PE12B/PE12G/PE12V,8,"69,90",https://www.mercadolivre.com.br/filtrorefil-original-de-agua-acqua-pure-para-purificador-de-agua-electrolux-pe12ape12bpe12gpe12v/p/MLB27864827,https://http2.mlstatic.com/D_Q_NP_762209-MLA82995835276_032025-P.webp,2025-05-23 20:14:53.292715
Mercado Livre,Eletrodomésticos,"Liquidificador L-550 Easy Power 1,9 Litros 127V Mondial Cor Branco",9,"79,90",https://www.mercadolivre.com.br/liquidificador-l-550-easy-power-19-litros-127v-mondial-cor-branco/p/MLB17929481,https://http2.mlstatic.com/D_Q_NP_930143-MLA46078229457_052021-P.webp,2025-05-23 20:14:53.292715
Mercado Livre,Eletrodomésticos,Micro-ondas ME23S 23L Efficient Com Descongelamento Assistido Cor Inox Electrolux 220V,10,619,https://www.mercadolivre.com.br/micro-ondas-me23s-23l-efficient-com-descongelamento-assistido-cor-inox-electrolux-220v/p/MLB19617676,https://http2.mlstatic.com/D_Q_NP_712536-MLA52389632858_112022-P.webp,2025-05-23 20:14:53.292715
Mercado Livre,Eletrodomésticos,Ventilador Super Power Mondial 30cm Vsp-30-ap 6 Pás 60w,11,"119,74",https://www.mercadolivre.com.br/ventilador-super-power-mondial-30cm-vsp-30-ap-6-pas-60w/p/MLB18932160,https://http2.mlstatic.com/D_Q_NP_636554-MLU77353209977_062024-P.webp,2025-05-23 20:14:53.292715
Mercado Livre,Eletrodomésticos,Sanduicheira Master Grill 750w S-20 Preto/inox Mondial Cor Preto 220V,12,"109,90",https://www.mercadolivre.com.br/sanduicheira-master-grill-750w-s-20-pretoinox-mondial-cor-preto-220v/p/MLB22517436,https://http2.mlstatic.com/D_Q_NP_707971-MLU75658977296_042024-P.webp,2025-05-23 20:14:53.292715
Mercado Livre,Eletrodomésticos,Mixer Power Inox 3 Em 1 600w Elgin Lunar - 110v,13,"137,99",https://www.mercadolivre.com.br/mixer-power-inox-3-em-1-600w-elgin-lunar-110v/p/MLB40003206,https://http2.mlstatic.com/D_Q_NP_705842-MLA79568202633_092024-P.webp,2025-05-23 20:14:53.292715
Mercado Livre,Eletrodomésticos,Fogão Cooktop Elétrico Elgin 2 Bocas Preto 127v,14,"108,99",https://www.mercadolivre.com.br/fogo-cooktop-eletrico-elgin-2-bocas-preto-127v/p/MLB22305960,https://http2.mlstatic.com/D_Q_NP_814827-MLU72559534286_112023-P.webp,2025-05-23 20:14:53.292715
Mercado Livre,Eletrodomésticos,Prancha Lizze Chapinha Profissional 480 Extreme 127V,15,439,https://www.mercadolivre.com.br/prancha-lizze-chapinha-profissional-480-extreme-127v/p/MLB24027627,https://http2.mlstatic.com/D_Q_NP_810763-MLA84754705204_052025-P.webp,2025-05-23 20:14:53.292715
Mercado Livre,Eletrodomésticos,"Fritadeira Air Fryer Elétrica Start Fry 3,5l 110v Elgin",16,"203,99",https://www.mercadolivre.com.br/fritadeira-air-fryer-eletrica-start-fry-35l-110v-elgin/p/MLB28328271,https://http2.mlstatic.com/D_Q_NP_681005-MLU78686475969_082024-P.webp,2025-05-23 20:14:53.292715
Mercado Livre,Eletrodomésticos,"Aspirador de pó vertical com fio portátil de mão 2 em 1 1450w de potência com cabo elétrico de 6 metros e 1,6 litros de capacidade com filtro HEPA Electrolux STK15 cinza urban grey 110v",17,"224,90",https://www.mercadolivre.com.br/aspirador-de-po-vertical-com-fio-portatil-de-mo-2-em-1-1450w-de-potncia-com-cabo-eletrico-de-6-metros-e-16-litros-de-capacidade-com-filtro-hepa-electrolux-stk15-cinza-urban-grey-110v/p/MLB18238728,https://http2.mlstatic.com/D_Q_NP_929876-MLA79219347150_092024-P.webp,2025-05-23 20:14:53.292715
Mercado Livre,Eletrodomésticos,Mixer Turbo Chef 3 Em 1 200w Triturador E Fuet 127v Elgin,18,"113,15",https://www.mercadolivre.com.br/mixer-turbo-chef-3-em-1-200w-triturador-e-fuet-127v-elgin/p/MLB18709030,https://http2.mlstatic.com/D_Q_NP_747641-MLA84844156921_052025-P.webp,2025-05-23 20:14:53.292715
Mercado Livre,Eletrodomésticos,"Batedeira Prática 400w 3,6 Litros B-44-b Preto Mondial 60Hz",19,99,https://www.mercadolivre.com.br/batedeira-pratica-400w-36-litros-b-44-b-preto-mondial-60hz/p/MLB16016316,https://http2.mlstatic.com/D_Q_NP_609940-MLU54985645955_052023-P.webp,2025-05-23 20:14:53.292715
Mercado Livre,Eletrodomésticos,Micro-ondas MTO30 20L Com Função Tira Odor e Descongelar Cor Branco Electrolux 127V,20,528,https://www.mercadolivre.com.br/micro-ondas-mto30-20l-com-funco-tira-odor-e-descongelar-cor-branco-electrolux-127v/p/MLB6309815,https://http2.mlstatic.com/D_Q_NP_795260-MLA51953102378_102022-P.webp,2025-05-23 20:14:53.292715
Mercado Livre,Ferramentas,Jogo Combo Kit De Chave De Fenda Philips Soquete Completo Marca Quicko Kit 46 Peças De Aço Crv 1/4 Maleta Cor Vermelho,1,"42,97",https://www.mercadolivre.com.br/jogo-combo-kit-de-chave-de-fenda-philips-soquete-completo-marca-quicko-kit-46-pecas-de-aco-crv-14-maleta-cor-vermelho/p/MLB39940492,https://http2.mlstatic.com/D_Q_NP_761752-MLA83703907836_042025-P.webp,2025-05-23 20:14:53.292715
Mercado Livre,Ferramentas,Mini Compressor Digital Rezzet Bomba De Encher Pneus Portátil Para Carro Bicicleta Motocicletas Preto Com Calibrador,2,76,https://www.mercadolivre.com.br/mini-compressor-digital-rezzet-bomba-de-encher-pneus-portatil-para-carro-bicicleta-motocicletas-preto-com-calibrador/p/MLB27821077,https://http2.mlstatic.com/D_Q_NP_943347-MLA79599484022_102024-P.webp,2025-05-23 20:14:53.292715
Mercado Livre,Ferramentas,Lavadora De Alta Pressão 1400w 1300psi 300l/h Wap Ágil 1800 127V,3,"359,90",https://www.mercadolivre.com.br/lavadora-de-alta-presso-1400w-1300psi-300lh-wap-agil-1800-127v/p/MLB15296535,https://http2.mlstatic.com/D_Q_NP_750014-MLU72857146914_112023-P.webp,2025-05-23 20:14:53.292715
Mercado Livre,Ferramentas,Parafusadeira e Furadeira de Impacto WAP WF 700FE Mandril de 3/8'' 700W Cinza e Amarela 110V,4,"134,90",https://www.mercadolivre.com.br/parafusadeira-e-furadeira-de-impacto-wap-wf-700fe-mandril-de-38-700w-cinza-e-amarela-110v/p/MLB36576672,https://http2.mlstatic.com/D_Q_NP_928022-MLA82087204110_022025-P.webp,2025-05-23 20:14:53.292715
Mercado Livre,Ferramentas,Lavadora De Alta Pressão Karcher Compacta 1500PSI 1400W Karcher 220V,5,"348,30",https://www.mercadolivre.com.br/lavadora-de-alta-presso-karcher-compacta-1500psi-1400w-karcher-220v/p/MLB29233464,https://http2.mlstatic.com/D_Q_NP_620770-MLU77138102378_062024-P.webp,2025-05-23 20:14:53.292715
Mercado Livre,Ferramentas,Parafusadeira Furadeira Sem Fio The Black Tools Bateria 12v Cor Amarelo e Preto Frequência 60 110V/220V,6,168,https://www.mercadolivre.com.br/parafusadeira-furadeira-sem-fio-the-black-tools-bateria-12v-cor-amarelo-e-preto-frequncia-60-110v220v/p/MLB24060776,https://http2.mlstatic.com/D_Q_NP_716089-MLU77178495056_072024-P.webp,2025-05-23 20:14:53.292715
Mercado Livre,Ferramentas,Serra Makita 4100nh3zx Mármore com 2 Discos Diámetro 110mm 1300W 220V,7,"395,10",https://www.mercadolivre.com.br/serra-makita-4100nh3zx-marmore-com-2-discos-diametro-110mm-1300w-220v/p/MLB19802405,https://http2.mlstatic.com/D_Q_NP_688146-MLA84851145747_052025-P.webp,2025-05-23 20:14:53.292715
Mercado Livre,Ferramentas,Óculos De Solda Para Soldador C/ Escurecimento Automático Cor Preto Liso,8,"32,22",https://www.mercadolivre.com.br/oculos-de-solda-para-soldador-c-escurecimento-automatico-cor-preto-liso/p/MLB28612697,https://http2.mlstatic.com/D_Q_NP_747798-MLA84559277998_052025-P.webp,2025-05-23 20:14:53.292715
Mercado Livre,Ferramentas,Soprador Térmico Stv150n 1500w 220v - Vonder,9,"149,91",https://www.mercadolivre.com.br/soprador-termico-stv150n-1500w-220v-vonder/p/MLB22630625,https://http2.mlstatic.com/D_Q_NP_842151-MLU76507370090_052024-P.webp,2025-05-23 20:14:53.292715
Mercado Livre,Ferramentas,Kit Jogo De Ferramentas Completo C/ Soquetes E Chaves The Black Tools,10,"165,90",https://www.mercadolivre.com.br/kit-jogo-de-ferramentas-completo-c-soquetes-e-chaves-the-black-tools/p/MLB37831801,https://http2.mlstatic.com/D_Q_NP_653562-MLU76940093112_062024-P.webp,2025-05-23 20:14:53.292715
Mercado Livre,Ferramentas,Lavadora de Alta Pressão WAP Ousada Plus 2200 1500W de Potência 1750 PSI 127V,11,"462,87",https://www.mercadolivre.com.br/lavadora-de-alta-presso-wap-ousada-plus-2200-1500w-de-potncia-1750-psi-127v/p/MLB15345686,https://http2.mlstatic.com/D_Q_NP_709403-MLU69826402627_062023-P.webp,2025-05-23 20:14:53.292715
Mercado Livre,Ferramentas,Pistola De Pintura Elétrica Pulverizadora Tinta Com Bico De Metal Compressor De Tinta Viscosímetro Bico De Inflar Paint Pro 650w 220v,12,"135,90",https://www.mercadolivre.com.br/pistola-de-pintura-eletrica-pulverizadora-tinta-com-bico-de-metal-compressor-de-tinta-viscosimetro-bico-de-inflar-paint-pro-650w-220v/p/MLB35743662,https://http2.mlstatic.com/D_Q_NP_939855-MLA82477014559_022025-P.webp,2025-05-23 20:14:53.292715
Mercado Livre,Ferramentas,Aparador De Grama Bipartido 1500w Gam1500bp - Garthen Cor Verde 127v,13,"227,90",https://www.mercadolivre.com.br/aparador-de-grama-bipartido-1500w-gam1500bp-garthen-cor-verde-127v/p/MLB29263416,https://http2.mlstatic.com/D_Q_NP_977560-MLU78951100783_092024-P.webp,2025-05-23 20:14:53.292715
Mercado Livre,Ferramentas,Mini esmerilhadeira angular Bosch Professional GWS 700 azul 710 W 127 V\n,14,288,https://www.mercadolivre.com.br/mini-esmerilhadeira-angular-bosch-professional-gws-700-azul-710-w-127-vn/p/MLB21120968,https://http2.mlstatic.com/D_Q_NP_835271-MLU72926337951_112023-P.webp,2025-05-23 20:14:53.292715
Mercado Livre,Ferramentas,Caixa de ferramentas Tramontina com 5 gavetas azul,15,"153,35",https://www.mercadolivre.com.br/caixa-de-ferramentas-tramontina-com-5-gavetas-azul/p/MLB23032387,https://http2.mlstatic.com/D_Q_NP_659960-MLU78807913552_092024-P.webp,2025-05-23 20:14:53.292715
Mercado Livre,Ferramentas,Parafusadeira E Furadeira Impacto The Black Tools Tb-21pw 21v 3/8 Cor Amarelo Frequência 50/60 Hz 110v/220v,16,218,https://www.mercadolivre.com.br/parafusadeira-e-furadeira-impacto-the-black-tools-tb-21pw-21v-38-cor-amarelo-frequncia-5060-hz-110v220v/p/MLB38053317,https://http2.mlstatic.com/D_Q_NP_963900-MLA84839510603_052025-P.webp,2025-05-23 20:14:53.292715
Mercado Livre,Ferramentas,Pistola De Pintura Profissional Automotiva Alta Pressão Hvlp Cor Azul,17,"97,92",https://www.mercadolivre.com.br/pistola-de-pintura-profissional-automotiva-alta-presso-hvlp-cor-azul/p/MLB20351250,https://http2.mlstatic.com/D_Q_NP_682762-MLA84546416850_052025-P.webp,2025-05-23 20:14:53.292715
Mercado Livre,Ferramentas,Soprador Térmico Vonder 2000w Stv200 3 Estágios + Acessórios Voltagem 127v,18,"174,93",https://www.mercadolivre.com.br/soprador-termico-vonder-2000w-stv200-3-estagios-acessorios-voltagem-127v/p/MLB22615273,https://http2.mlstatic.com/D_Q_NP_901430-MLU72542382262_112023-P.webp,2025-05-23 20:14:53.292715
Mercado Livre,Ferramentas,Lavadora De Alta Pressão Kärcher K2 Plus 1740psi 1400w 110V,19,487,https://www.mercadolivre.com.br/lavadora-de-alta-presso-krcher-k2-plus-1740psi-1400w-110v/p/MLB24128731,https://http2.mlstatic.com/D_Q_NP_869809-MLU72700296789_112023-P.webp,2025-05-23 20:14:53.292715
Mercado Livre,Ferramentas,Furadeira De Impacto 3/8 10mm GSB450RE-300P Re 127v Bosch Com Jogo De Brocas Bits E Buchas 300 Peças The Black Tools,20,"238,60",https://www.mercadolivre.com.br/furadeira-de-impacto-38-10mm-gsb450re-300p-re-127v-bosch-com-jogo-de-brocas-bits-e-buchas-300-pecas-the-black-tools/p/MLB40692702,https://http2.mlstatic.com/D_Q_NP_738528-MLA82442815877_022025-P.webp,2025-05-23 20:14:53.292715
Mercado Livre,Beleza e Cuidado Pessoal,Papel Higiênico Supreme Folha Tripla 24 Rolos Neve,1,"41,99",https://www.mercadolivre.com.br/papel-higinico-supreme-folha-tripla-24-rolos-neve/p/MLB16084358,https://http2.mlstatic.com/D_Q_NP_967903-MLA43465119543_092020-P.webp,2025-05-23 20:14:53.292715
Mercado Livre,Beleza e Cuidado Pessoal,Aparador de Pelos Philips OneBlade QP1424/10 na Cor Cinza chumbo - Bivolt,2,"149,90",https://www.mercadolivre.com.br/aparador-de-pelos-philips-oneblade-qp142410-na-cor-cinza-chumbo-bivolt/p/MLB23166972,https://http2.mlstatic.com/D_Q_NP_636231-MLU77149869466_062024-P.webp,2025-05-23 20:14:53.292715
Mercado Livre,Beleza e Cuidado Pessoal,Britânia Escova Secadora Bec02pr Bivolt 4 Em 1 1300w Cor Preto e Rosa 127V 220V,3,"113,58",https://www.mercadolivre.com.br/britnia-escova-secadora-bec02pr-bivolt-4-em-1-1300w-cor-preto-e-rosa-127v-220v/p/MLB22616606,https://http2.mlstatic.com/D_Q_NP_671790-MLU75357944335_032024-P.webp,2025-05-23 20:14:53.292715
Mercado Livre,Beleza e Cuidado Pessoal,Boticário Egeo Cherry Blast Deo Colônia 90ml,4,"104,90",https://www.mercadolivre.com.br/boticario-egeo-cherry-blast-deo-colnia-90ml/p/MLB19796187,https://http2.mlstatic.com/D_Q_NP_723996-MLA84834736253_052025-P.webp,2025-05-23 20:14:53.292715
Mercado Livre,Beleza e Cuidado Pessoal,Chapinha Lizze Profissional 480 Extreme 220V,5,439,https://www.mercadolivre.com.br/chapinha-lizze-profissional-480-extreme-220v/p/MLB8736693,https://http2.mlstatic.com/D_Q_NP_650795-MLU72759437366_112023-P.webp,2025-05-23 20:14:53.292715
Mercado Livre,Beleza e Cuidado Pessoal,Dove sabonete em barra 90g 6 unidades,6,"23,78",https://www.mercadolivre.com.br/dove-sabonete-em-barra-90g-6-unidades/p/MLB28537683,https://http2.mlstatic.com/D_Q_NP_984570-MLA73169669505_112023-P.webp,2025-05-23 20:14:53.292715
Mercado Livre,Beleza e Cuidado Pessoal,Refil Shampoo Energizante Antiqueda Dercos 200ml Vichy,7,"108,54",https://www.mercadolivre.com.br/refil-shampoo-energizante-antiqueda-dercos-200ml-vichy/p/MLB19315995,https://http2.mlstatic.com/D_Q_NP_693913-MLU75981558195_042024-P.webp,2025-05-23 20:14:53.292715
Mercado Livre,Beleza e Cuidado Pessoal,Cotonetes Hastes flexíveis caixa com 300 unidades Johnson & Johnson,8,"13,31",https://www.mercadolivre.com.br/cotonetes-hastes-flexiveis-caixa-com-300-unidades-johnson-johnson/p/MLB18392264,https://http2.mlstatic.com/D_Q_NP_659965-MLU74113019240_012024-P.webp,2025-05-23 20:14:53.292715
Mercado Livre,Beleza e Cuidado Pessoal,"Henna Glance 3,5g Com Fixador 20ml E Pá Medidora Cor Castanho Escuro",9,"39,90",https://www.mercadolivre.com.br/henna-glance-35g-com-fixador-20ml-e-pa-medidora-cor-castanho-escuro/p/MLB24380209,https://http2.mlstatic.com/D_Q_NP_929958-MLU72636829595_112023-P.webp,2025-05-23 20:14:53.292715
Mercado Livre,Beleza e Cuidado Pessoal,Secador De Cabelo 2000 Watts - Style Pro Taiff 110V,10,"239,90",https://www.mercadolivre.com.br/secador-de-cabelo-2000-watts-style-pro-taiff-110v/p/MLB18572392,https://http2.mlstatic.com/D_Q_NP_797465-MLU73127509402_122023-P.webp,2025-05-23 20:14:53.292715
Mercado Livre,Beleza e Cuidado Pessoal,Taiff Black Ion Secador De Cabelo Profissional 2000w Cor Preto 110V,11,"279,90",https://www.mercadolivre.com.br/taiff-black-ion-secador-de-cabelo-profissional-2000w-cor-preto-110v/p/MLB18580665,https://http2.mlstatic.com/D_Q_NP_899616-MLU78597560102_082024-P.webp,2025-05-23 20:14:53.292715
Mercado Livre,Beleza e Cuidado Pessoal,Coala Home Odorizante De Ambiente E Tecidos Chá Branco 260ml,12,"24,89",https://www.mercadolivre.com.br/coala-home-odorizante-de-ambiente-e-tecidos-cha-branco-260ml/p/MLB25263136,https://http2.mlstatic.com/D_Q_NP_720535-MLU74074107314_012024-P.webp,2025-05-23 20:14:53.292715
Mercado Livre,Beleza e Cuidado Pessoal,Taiff Secador De Cabelo Profissional 110v Style Cor Preto,13,"282,16",https://www.mercadolivre.com.br/taiff-secador-de-cabelo-profissional-110v-style-cor-preto/p/MLB28766601,https://http2.mlstatic.com/D_Q_NP_642920-MLU78619815732_082024-P.webp,2025-05-23 20:14:53.292715
Mercado Livre,Beleza e Cuidado Pessoal,Aparador De Pelos Super Groom 10 Preto Azul Bg-03 Mondial,14,"120,91",https://www.mercadolivre.com.br/aparador-de-pelos-super-groom-10-preto-azul-bg-03-mondial/p/MLB24001849,https://http2.mlstatic.com/D_Q_NP_873000-MLU72565299870_112023-P.webp,2025-05-23 20:14:53.292715
Mercado Livre,Beleza e Cuidado Pessoal,"Escova Secadora de Cabelos Soft Beauty Cherry Philco Pec13 1300w 4 em 1 seca, alisa, modela e dá volume Bivolt",15,"106,36",https://www.mercadolivre.com.br/escova-secadora-de-cabelos-soft-beauty-cherry-philco-pec13-1300w-4-em-1-seca-alisa-modela-e-da-volume-bivolt/p/MLB19750535,https://http2.mlstatic.com/D_Q_NP_679370-MLU75082141941_032024-P.webp,2025-05-23 20:14:53.292715
Mercado Livre,Beleza e Cuidado Pessoal,Creme Hidratante Textura Cremosa 454g Cerave,16,"98,22",https://www.mercadolivre.com.br/creme-hidratante-textura-cremosa-454g-cerave/p/MLB19309318,https://http2.mlstatic.com/D_Q_NP_832151-MLU69955905478_062023-P.webp,2025-05-23 20:14:53.292715
Mercado Livre,Beleza e Cuidado Pessoal,Perfume La Vie Est Belle Eau De Parfum 30 ml Lancôme,17,"339,99",https://www.mercadolivre.com.br/perfume-la-vie-est-belle-eau-de-parfum-30-ml-lancme/p/MLB5360656,https://http2.mlstatic.com/D_Q_NP_790319-MLA83046229194_032025-P.webp,2025-05-23 20:14:53.292715
Mercado Livre,Beleza e Cuidado Pessoal,Cetaphil Loção Hidratante 473ml,18,"89,90",https://www.mercadolivre.com.br/cetaphil-loco-hidratante-473ml/p/MLB18391034,https://http2.mlstatic.com/D_Q_NP_741717-MLU78795129352_092024-P.webp,2025-05-23 20:14:53.292715
Mercado Livre,Beleza e Cuidado Pessoal,Gillette  Mach3 Sensitive carga de barbeador 8 unidades,19,"64,30",https://www.mercadolivre.com.br/gillette-mach3-sensitive-carga-de-barbeador-8-unidades/p/MLB16088308,https://http2.mlstatic.com/D_Q_NP_799303-MLA84835766159_052025-P.webp,2025-05-23 20:14:53.292715
Mercado Livre,Beleza e Cuidado Pessoal,Escova Secadora de Cabelos Britânia Bec07r Soft 4 Em 1 1300w Cabo Giratório Rosa Bivolt,20,125,https://www.mercadolivre.com.br/escova-secadora-de-cabelos-britnia-bec07r-soft-4-em-1-1300w-cabo-giratorio-rosa-bivolt/p/MLB19694427,https://http2.mlstatic.com/D_Q_NP_647603-MLA84850490689_052025-P.webp,2025-05-23 20:14:53.292715
Mercado Livre,Celulares e Telefones,Samsung Galaxy A06 Dual SIM 128 GB branco 4 GB RAM,1,"776,67",https://www.mercadolivre.com.br/samsung-galaxy-a06-dual-sim-128-gb-branco-4-gb-ram/p/MLB40822891,https://http2.mlstatic.com/D_Q_NP_679802-MLA79052664754_092024-P.webp,2025-05-23 20:14:53.292715
Mercado Livre,Celulares e Telefones,Smartphone Motorola Moto G15 - 256gb 12gb (4gb Ram+8gb Ram Boost) E Camera 50mp Com Ai E Night Vision Bateria De 5200 Mah Tela Fhd+ 6.7 Com Superbrilho Nfc - Grafite,2,"1,84",https://www.mercadolivre.com.br/smartphone-motorola-moto-g15-256gb-12gb-4gb-ram8gb-ram-boost-e-camera-50mp-com-ai-e-night-vision-bateria-de-5200-mah-tela-fhd-67-com-superbrilho-nfc-grafite/p/MLB44665473,https://http2.mlstatic.com/D_Q_NP_634923-MLA81307878099_122024-P.webp,2025-05-23 20:14:53.292715
Mercado Livre,Celulares e Telefones,Samsung Galaxy A15 4G Dual SIM 128 GB Azul-escuro 4 GB RAM,3,835,https://www.mercadolivre.com.br/samsung-galaxy-a15-4g-dual-sim-128-gb-azul-escuro-4-gb-ram/p/MLB32175033,https://http2.mlstatic.com/D_Q_NP_668543-MLA75547177771_042024-P.webp,2025-05-23 20:14:53.292715
Mercado Livre,Celulares e Telefones,Samsung Galaxy M55 5G Dual SIM 256 GB Azul Escuro 8 GB RAM,4,1,https://www.mercadolivre.com.br/samsung-galaxy-m55-5g-dual-sim-256-gb-azul-escuro-8-gb-ram/p/MLB36208238,https://http2.mlstatic.com/D_Q_NP_651977-MLA76009505043_042024-P.webp,2025-05-23 20:14:53.292715
Mercado Livre,Celulares e Telefones,"Celular Samsung Galaxy A16, 256gb + 8gb Ram, Câmera De Até 50mp, Tela 6.7 , Nfc, Ip54, Bateria 5000 Mah Cinza",5,1,https://www.mercadolivre.com.br/celular-samsung-galaxy-a16-256gb-8gb-ram-cmera-de-ate-50mp-tela-67-nfc-ip54-bateria-5000-mah-cinza/p/MLB44113907,https://http2.mlstatic.com/D_Q_NP_707091-MLA81044604489_112024-P.webp,2025-05-23 20:14:53.292715
Mercado Livre,Celulares e Telefones,Samsung Galaxy A35 5G Dual SIM 256GB Azul Escuro 8 GB RAM,6,1,https://www.mercadolivre.com.br/samsung-galaxy-a35-5g-dual-sim-256gb-azul-escuro-8-gb-ram/p/MLB34729843,https://http2.mlstatic.com/D_Q_NP_920795-MLU79234491839_092024-P.webp,2025-05-23 20:14:53.292715
Mercado Livre,Celulares e Telefones,Apple iPhone 15 (256 GB) - Preto - Distribuidor Autorizado,7,"5,89",https://www.mercadolivre.com.br/apple-iphone-15-256-gb-preto-distribuidor-autorizado/p/MLB1027172669,https://http2.mlstatic.com/D_Q_NP_779617-MLA71782867320_092023-P.webp,2025-05-23 20:14:53.292715
Mercado Livre,Celulares e Telefones,Smartphone Motorola Moto g04s - 128GB 8GB (4GB RAM+4GB Ram Boost) AI Camera 16MP sensor FPS lateral,8,675,https://www.mercadolivre.com.br/smartphone-motorola-moto-g04s-128gb-8gb-4gb-ram4gb-ram-boost-ai-camera-16mp-sensor-fps-lateral/p/MLB36337426,https://http2.mlstatic.com/D_Q_NP_822441-MLU75950846226_052024-P.webp,2025-05-23 20:14:53.292715
Mercado Livre,Celulares e Telefones,Samsung A05s 4G Dual SIM 128 GB preto 4 GB RAM,9,899,https://www.mercadolivre.com.br/samsung-a05s-4g-dual-sim-128-gb-preto-4-gb-ram/p/MLB29618341,https://http2.mlstatic.com/D_Q_NP_692475-MLA73827160832_012024-P.webp,2025-05-23 20:14:53.292715
Mercado Livre,Celulares e Telefones,Celular Samsung Galaxy A56 5g 128gb 8gb Ram Preto,10,"2,89",https://www.mercadolivre.com.br/celular-samsung-galaxy-a56-5g-128gb-8gb-ram-preto/p/MLB47115035,https://http2.mlstatic.com/D_Q_NP_739465-MLA82773510322_032025-P.webp,2025-05-23 20:14:53.292715
Mercado Livre,Celulares e Telefones,Xiaomi Redmi 14c 256gb 8gb Ram Dual Sim Azul Estrelado,11,859,https://www.mercadolivre.com.br/xiaomi-redmi-14c-256gb-8gb-ram-dual-sim-azul-estrelado/p/MLB41260955,https://http2.mlstatic.com/D_Q_NP_950245-MLA83786452582_042025-P.webp,2025-05-23 20:14:53.292715
Mercado Livre,Celulares e Telefones,"Smartwatch Samsung Galaxy Fit3 Display 1.6"" Rosé",12,295,https://www.mercadolivre.com.br/smartwatch-samsung-galaxy-fit3-display-16-rose/p/MLB34506161,https://http2.mlstatic.com/D_Q_NP_740217-MLA83182121258_042025-P.webp,2025-05-23 20:14:53.292715
Mercado Livre,Celulares e Telefones,Smartphone Motorola Moto G35 5g - 128gb 12gb (4gb Ram+8gb Ram Boost) E Camera 50mp Com Ai Nfc Tela 6.7 Com Superbrilho - Grafite - Vegan Leather,13,"1,96",https://www.mercadolivre.com.br/smartphone-motorola-moto-g35-5g-128gb-12gb-4gb-ram8gb-ram-boost-e-camera-50mp-com-ai-nfc-tela-67-com-superbrilho-grafite-vegan-leather/p/MLB41540844,https://http2.mlstatic.com/D_Q_NP_780616-MLA80619609405_112024-P.webp,2025-05-23 20:14:53.292715
Mercado Livre,Celulares e Telefones,Apple iPhone 13 (128 GB) - Estelar - Distribuidor Autorizado,14,"3,78",https://www.mercadolivre.com.br/apple-iphone-13-128-gb-estelar-distribuidor-autorizado/p/MLB1018500855,https://http2.mlstatic.com/D_Q_NP_916682-MLA47782359266_102021-P.webp,2025-05-23 20:14:53.292715
Mercado Livre,Celulares e Telefones,Xiaomi Redmi Note 14s 4g Nfc 256gb 8 Ram 6.67pol Cor Azul,15,1,https://www.mercadolivre.com.br/xiaomi-redmi-note-14s-4g-nfc-256gb-8-ram-667pol-cor-azul/p/MLB47313530,https://http2.mlstatic.com/D_Q_NP_606087-MLA83227501153_032025-P.webp,2025-05-23 20:14:53.292715
Mercado Livre,Celulares e Telefones,Telefone Sem Fio Intelbras Ts 3110 Preto Visor Luminoso Com Identificação de Chamadas,16,"150,60",https://www.mercadolivre.com.br/telefone-sem-fio-intelbras-ts-3110-preto-visor-luminoso-com-identificaco-de-chamadas/p/MLB7979276,https://http2.mlstatic.com/D_Q_NP_722578-MLA84558136716_052025-P.webp,2025-05-23 20:14:53.292715
Mercado Livre,Celulares e Telefones,Carregador Turbo P/ iPhone 8 Plus X Xr 11 12 13 14 Pro Max Cor Branco Boyu Cell,17,"29,49",https://www.mercadolivre.com.br/carregador-turbo-p-iphone-8-plus-x-xr-11-12-13-14-pro-max-cor-branco-boyu-cell/p/MLB43351618,https://http2.mlstatic.com/D_Q_NP_916516-MLA84405053278_052025-P.webp,2025-05-23 20:14:53.292715
Mercado Livre,Celulares e Telefones,"Celular Samsung Galaxy A16 5g, 128gb + 4gb Ram, Câmera De Até 50mp, Tela 6.7 , Nfc, Ip54, Bateria 5000 Mah Verde Claro",18,1,https://www.mercadolivre.com.br/celular-samsung-galaxy-a16-5g-128gb-4gb-ram-cmera-de-ate-50mp-tela-67-nfc-ip54-bateria-5000-mah-verde-claro/p/MLB44115264,https://http2.mlstatic.com/D_Q_NP_805232-MLA80780260668_112024-P.webp,2025-05-23 20:14:53.292715
Mercado Livre,Celulares e Telefones,Fone De Ouvido Sem Fio Galaxy Buds Fe Grafite Samsung SM-R400,19,"279,30",https://www.mercadolivre.com.br/fone-de-ouvido-sem-fio-galaxy-buds-fe-grafite-samsung-sm-r400/p/MLB29595951,https://http2.mlstatic.com/D_Q_NP_643567-MLU76659575947_052024-P.webp,2025-05-23 20:14:53.292715
Mercado Livre,Celulares e Telefones,Plus Do Brasil Carregador Super Rápido 25W Tipo C Para Samsung Motorola Xiaomi LG Apple iPhone 15 16 - Com Cabo Blindado Premium Branco Fabricado No Brasil,20,"64,99",https://www.mercadolivre.com.br/plus-do-brasil-carregador-super-rapido-25w-tipo-c-para-samsung-motorola-xiaomi-lg-apple-iphone-15-16-com-cabo-blindado-premium-branco-fabricado-no-brasil/p/MLB35956034,https://http2.mlstatic.com/D_Q_NP_901606-MLU78233442339_082024-P.webp,2025-05-23 20:14:53.292715
Mercado Livre,Informática,Kit 200 Folhas Papel Fotografico A4 Glossy 180g Masterprint Cor Branco,1,"50,81",https://www.mercadolivre.com.br/kit-200-folhas-papel-fotografico-a4-glossy-180g-masterprint-cor-branco/p/MLB26953616,https://http2.mlstatic.com/D_Q_NP_734547-MLU71658250835_092023-P.webp,2025-05-23 20:14:53.292715
Mercado Livre,Informática,Fone De Ouvido Headphone Dapon H02d Bluetooth 5.1 Com Microfone Cor Preto,2,"75,34",https://www.mercadolivre.com.br/fone-de-ouvido-headphone-dapon-h02d-bluetooth-51-com-microfone-cor-preto/p/MLB24117280,https://http2.mlstatic.com/D_Q_NP_932400-MLU77117788070_062024-P.webp,2025-05-23 20:14:53.292715
Mercado Livre,Informática,Fone De Ouvido Tune 520bt Preto Jbl Cor Negro,3,"243,39",https://www.mercadolivre.com.br/fone-de-ouvido-tune-520bt-preto-jbl-cor-negro/p/MLB44824544,https://http2.mlstatic.com/D_Q_NP_952382-MLA82175465052_022025-P.webp,2025-05-23 20:14:53.292715
Mercado Livre,Informática,Mouse Sem Fio Recarregável Wireless Optico Led Rgb Ergonômico Sem Fio Para Pc Desktop Notebook Tablet Smartphone Davely Preto,4,"20,97",https://www.mercadolivre.com.br/mouse-sem-fio-recarregavel-wireless-optico-led-rgb-ergonmico-sem-fio-para-pc-desktop-notebook-tablet-smartphone-davely-preto/p/MLB48929373,https://http2.mlstatic.com/D_Q_NP_659112-MLA83733272770_042025-P.webp,2025-05-23 20:14:53.292715
Mercado Livre,Informática,Mouse Sem Fio Recarregável Wireless Optico Led Rgb 2.4ghz Bluetooth Ergonômico Sem Fio Para Pc Desktop Notebook Tablet Smartphone Casenn Branco,5,"21,90",https://www.mercadolivre.com.br/mouse-sem-fio-recarregavel-wireless-optico-led-rgb-24ghz-bluetooth-ergonmico-sem-fio-para-pc-desktop-notebook-tablet-smartphone-casenn-branco/p/MLB47812866,https://http2.mlstatic.com/D_Q_NP_825822-MLA83348098564_042025-P.webp,2025-05-23 20:14:53.292715
Mercado Livre,Informática,Filamento Pla Branco Velvet 1kg - Premium Voolt3d High Speed,6,111,https://www.mercadolivre.com.br/filamento-pla-branco-velvet-1kg-premium-voolt3d-high-speed/p/MLB24154100,https://http2.mlstatic.com/D_Q_NP_930467-MLA84067011657_042025-P.webp,2025-05-23 20:14:53.292715
Mercado Livre,Informática,Papel A4 Sulfite Premium 75g 500 Folhas Report. Cor Branco - Kit 01 resma,7,"27,15",https://www.mercadolivre.com.br/papel-a4-sulfite-premium-75g-500-folhas-report-cor-branco-kit-01-resma/p/MLB21590318,https://http2.mlstatic.com/D_Q_NP_952214-MLU75409069809_032024-P.webp,2025-05-23 20:14:53.292715
Mercado Livre,Informática,Mouse sem fio Logitech M170 com Pilha Inclusa - Vermelho,8,"60,90",https://www.mercadolivre.com.br/mouse-sem-fio-logitech-m170-com-pilha-inclusa-vermelho/p/MLB6204830,https://http2.mlstatic.com/D_Q_NP_718629-MLA79946828493_102024-P.webp,2025-05-23 20:14:53.292715
Mercado Livre,Informática,Ssd M.2 2280 Nvme Kingston 1tb Nv3 Snv3s/1000g Pci-e Gen 4.0 Formato M.2 2280 Velocidade De Leitura Até 6000 Mb/s E Gravação Até 4000 Mb/s Cor Azul-escuro,9,413,https://www.mercadolivre.com.br/ssd-m2-2280-nvme-kingston-1tb-nv3-snv3s1000g-pci-e-gen-40-formato-m2-2280-velocidade-de-leitura-ate-6000-mbs-e-gravaco-ate-4000-mbs-cor-azul-escuro/p/MLB39766120,https://http2.mlstatic.com/D_Q_NP_821973-MLA81427650462_122024-P.webp,2025-05-23 20:14:53.292715
Mercado Livre,Informática,Fone De Ouvido Qcy T13 Com 4 Microfones E Bluetooth 5.1 Cor Preto,10,188,https://www.mercadolivre.com.br/fone-de-ouvido-qcy-t13-com-4-microfones-e-bluetooth-51-cor-preto/p/MLB19037261,https://http2.mlstatic.com/D_Q_NP_630478-MLU75210746968_032024-P.webp,2025-05-23 20:14:53.292715
Mercado Livre,Informática,Controle joystick sem fio Sony PlayStation 5 DualSense midnight black,11,"459,08",https://www.mercadolivre.com.br/controle-joystick-sem-fio-sony-playstation-5-dualsense-midnight-black/p/MLB18010993,https://http2.mlstatic.com/D_Q_NP_852815-MLA84840967263_052025-P.webp,2025-05-23 20:14:53.292715
Mercado Livre,Informática,Fone De Ouvido Sem Fio Galaxy Buds Fe Grafite Samsung SM-R400,12,"279,30",https://www.mercadolivre.com.br/fone-de-ouvido-sem-fio-galaxy-buds-fe-grafite-samsung-sm-r400/p/MLB29595951,https://http2.mlstatic.com/D_Q_NP_643567-MLU76659575947_052024-P.webp,2025-05-23 20:14:53.292715
Mercado Livre,Informática,"Tablet Samsung Tab A9 64GB 4GB RAM Enterprise Edition Tela 8.7."" X115 4G Grafite",13,"895,30",https://www.mercadolivre.com.br/tablet-samsung-tab-a9-64gb-4gb-ram-enterprise-edition-tela-87-x115-4g-grafite/p/MLB29265490,https://http2.mlstatic.com/D_Q_NP_677431-MLU77323209031_062024-P.webp,2025-05-23 20:14:53.292715
Mercado Livre,Informática,Fone De Ouvido Qcy T1c Bluetooth 5.1 Case 380mah Cor Preto,14,"127,02",https://www.mercadolivre.com.br/fone-de-ouvido-qcy-t1c-bluetooth-51-case-380mah-cor-preto/p/MLB15285466,https://http2.mlstatic.com/D_Q_NP_870214-MLA40812894039_022020-P.webp,2025-05-23 20:14:53.292715
Mercado Livre,Informática,Cartucho HP 667 Preto 2376 2776 6476,15,"66,90",https://www.mercadolivre.com.br/cartucho-hp-667-preto-2376-2776-6476/p/MLB22022306,https://http2.mlstatic.com/D_Q_NP_826232-MLC43237791399_082020-P.webp,2025-05-23 20:14:53.292715
Mercado Livre,Informática,Impressora multifuncional cor HP Multifuncional DeskJet Ink Advantage 2874 127/220V,16,"419,30",https://www.mercadolivre.com.br/impressora-multifuncional-cor-hp-multifuncional-deskjet-ink-advantage-2874-127220v/p/MLB34923702,https://http2.mlstatic.com/D_Q_NP_956104-MLA84540042292_052025-P.webp,2025-05-23 20:14:53.292715
Mercado Livre,Informática,Papel Fotográfico Adesivo A4 Glossy 115g 100 Un. Masterprint Cor Branco,17,"45,16",https://www.mercadolivre.com.br/papel-fotografico-adesivo-a4-glossy-115g-100-un-masterprint-cor-branco/p/MLB24043318,https://http2.mlstatic.com/D_Q_NP_843268-MLU74178619379_012024-P.webp,2025-05-23 20:14:53.292715
Mercado Livre,Informática,Impressora multifuncional cor Epson EcoTank L3250 127/220V,18,1,https://www.mercadolivre.com.br/impressora-multifuncional-cor-epson-ecotank-l3250-127220v/p/MLB26986602,https://http2.mlstatic.com/D_Q_NP_662288-MLU77913086438_082024-P.webp,2025-05-23 20:14:53.292715
Mercado Livre,Informática,Controle Xbox Wireless Series X|s Carbon black,19,"404,19",https://www.mercadolivre.com.br/controle-xbox-wireless-series-xs-carbon-black/p/MLB16268160,https://http2.mlstatic.com/D_Q_NP_903265-MLU72824211081_112023-P.webp,2025-05-23 20:14:53.292715
Mercado Livre,Informática,Impressora Multifuncional HP Smart Tank 584 color negro 110/220V,20,799,https://www.mercadolivre.com.br/impressora-multifuncional-hp-smart-tank-584-color-negro-110220v/p/MLB34801962,https://http2.mlstatic.com/D_Q_NP_942527-MLU75603659168_042024-P.webp,2025-05-23 20:14:53.292715
Mercado Livre,Esportes e Fitness,Creatina Monohidratada Pura 500g Dark Lab Unidade,1,"67,96",https://www.mercadolivre.com.br/creatina-monohidratada-pura-500g-dark-lab-unidade/p/MLB26796581,https://http2.mlstatic.com/D_Q_NP_726833-MLU77492684902_072024-P.webp,2025-05-23 20:14:53.292715
Mercado Livre,Esportes e Fitness,Creatina Monohidratada 250g - 100% Pura - Soldiers Nutrition,2,"31,99",https://www.mercadolivre.com.br/creatina-monohidratada-250g-100-pura-soldiers-nutrition/p/MLB38130100,https://http2.mlstatic.com/D_Q_NP_683269-MLA82421155273_022025-P.webp,2025-05-23 20:14:53.292715
Mercado Livre,Esportes e Fitness,Suplemento Em Pó Max Titanium Creatina Monohidratada 300g Sabor Sem sabor,3,"55,12",https://www.mercadolivre.com.br/suplemento-em-po-max-titanium-creatina-monohidratada-300g-sabor-sem-sabor/p/MLB24141789,https://http2.mlstatic.com/D_Q_NP_689126-MLU75126910625_032024-P.webp,2025-05-23 20:14:53.292715
Mercado Livre,Esportes e Fitness,Whey Pro Baunilha Max Titanium Protein Pro Com Bcaa E Aminoácidos 1kg Sabor Baunilha,4,"78,90",https://www.mercadolivre.com.br/whey-pro-baunilha-max-titanium-protein-pro-com-bcaa-e-aminoacidos-1kg-sabor-baunilha/p/MLB6087974,https://http2.mlstatic.com/D_Q_NP_714026-MLU72746904206_112023-P.webp,2025-05-23 20:14:53.292715
Mercado Livre,Esportes e Fitness,Creatina 100% Pura 150g Integralmédica,5,"36,39",https://www.mercadolivre.com.br/creatina-100-pura-150g-integralmedica/p/MLB6204288,https://http2.mlstatic.com/D_Q_NP_757501-MLA82770472561_022025-P.webp,2025-05-23 20:14:53.292715
Mercado Livre,Esportes e Fitness,Suplemento Tasty Whey 3w Gourmet Whey Protein Adaptogen Science Pote 900g Sabor Chocolate Suiço,6,"164,99",https://www.mercadolivre.com.br/suplemento-tasty-whey-3w-gourmet-whey-protein-adaptogen-science-pote-900g-sabor-chocolate-suico/p/MLB19592781,https://http2.mlstatic.com/D_Q_NP_968139-MLA82743033610_032025-P.webp,2025-05-23 20:14:53.292715
Mercado Livre,Esportes e Fitness,Nutri Whey Protein Pouch Chocolate 900g Integralmédica,7,"53,89",https://www.mercadolivre.com.br/nutri-whey-protein-pouch-chocolate-900g-integralmedica/p/MLB18537210,https://http2.mlstatic.com/D_Q_NP_808151-MLA80559783970_112024-P.webp,2025-05-23 20:14:53.292715
Mercado Livre,Esportes e Fitness,Suplemento Em Pó Pre Treino Pre Workout Pote 150g Sabor Maça Verde FTW - DIABO VERDE,8,"28,11",https://www.mercadolivre.com.br/suplemento-em-po-pre-treino-pre-workout-pote-150g-sabor-maca-verde-ftw-diabo-verde/p/MLB18949518,https://http2.mlstatic.com/D_Q_NP_646636-MLA84625227334_052025-P.webp,2025-05-23 20:14:53.292715
Mercado Livre,Esportes e Fitness,"Whey 100% Hd Sabor Chocolate 1,8kg Black Skull",9,"193,68",https://www.mercadolivre.com.br/whey-100-hd-sabor-chocolate-18kg-black-skull/p/MLB19044248,https://http2.mlstatic.com/D_Q_NP_632935-MLA84460970464_052025-P.webp,2025-05-23 20:14:53.292715
Mercado Livre,Esportes e Fitness,Whey 100% Pure Pote 900g Chocolate Integralmédica,10,"121,20",https://www.mercadolivre.com.br/whey-100-pure-pote-900g-chocolate-integralmedica/p/MLB12702739,https://http2.mlstatic.com/D_Q_NP_988332-MLA47755620277_102021-P.webp,2025-05-23 20:14:53.292715
Mercado Livre,Esportes e Fitness,Whey Protein 100% Concentrado Refil 900g Sabor Doce de Leite - FTW,11,"99,90",https://www.mercadolivre.com.br/whey-protein-100-concentrado-refil-900g-sabor-doce-de-leite-ftw/p/MLB37682903,https://http2.mlstatic.com/D_Q_NP_680676-MLA83769207207_042025-P.webp,2025-05-23 20:14:53.292715
Mercado Livre,Esportes e Fitness,Pote Whey Protein Isolado Iso Blend Complex 2kg Xpro Sabor Baunilha Em Po,12,"118,28",https://www.mercadolivre.com.br/pote-whey-protein-isolado-iso-blend-complex-2kg-xpro-sabor-baunilha-em-po/p/MLB19865651,https://http2.mlstatic.com/D_Q_NP_934769-MLA80505820779_112024-P.webp,2025-05-23 20:14:53.292715
Mercado Livre,Esportes e Fitness,Hipercalórico Anabolic Mass 28500 3kg - Profit Labs Sabor Leite ninõ,13,"69,90",https://www.mercadolivre.com.br/hipercalorico-anabolic-mass-28500-3kg-profit-labs-sabor-leite-nino/p/MLB27948262,https://http2.mlstatic.com/D_Q_NP_670823-MLU72490057990_102023-P.webp,2025-05-23 20:14:53.292715
Mercado Livre,Esportes e Fitness,Pasta de Amendoim com Whey Protein Chocolate Branco 600g Dr. Penaut,14,"35,92",https://www.mercadolivre.com.br/pasta-de-amendoim-com-whey-protein-chocolate-branco-600g-dr-penaut/p/MLB23377542,https://http2.mlstatic.com/D_Q_NP_769393-MLA80368794297_112024-P.webp,2025-05-23 20:14:53.292715
Mercado Livre,Esportes e Fitness,Omegafor Plus 240 Cápsulas Ômega 3 Vitafor,15,"219,90",https://www.mercadolivre.com.br/omegafor-plus-240-capsulas-mega-3-vitafor/p/MLB21961481,https://http2.mlstatic.com/D_Q_NP_738572-MLU75143558458_032024-P.webp,2025-05-23 20:14:53.292715
Mercado Livre,Esportes e Fitness,Suplemento Em Pó Fn Forbis Whey Gourmet Proteínas Sabor Banoffee,16,40,https://www.mercadolivre.com.br/suplemento-em-po-fn-forbis-whey-gourmet-proteinas-sabor-banoffee/p/MLB36371526,https://http2.mlstatic.com/D_Q_NP_713250-MLA84410000684_052025-P.webp,2025-05-23 20:14:53.292715
Mercado Livre,Esportes e Fitness,PROHIBIDO PRÉ TREINO 360g - Sabor: Citrus - A Combinação Perfeita de 8 Ingredientes que proporcionam energia do início ao fim do seu Treino,17,"75,62",https://www.mercadolivre.com.br/prohibido-pre-treino-360g-sabor-citrus-a-combinaco-perfeita-de-8-ingredientes-que-proporcionam-energia-do-inicio-ao-fim-do-seu-treino/p/MLB21362464,https://http2.mlstatic.com/D_Q_NP_679303-MLA83832100590_042025-P.webp,2025-05-23 20:14:53.292715
Mercado Livre,Esportes e Fitness,Suplemento en barra Integralmédica Barras de Proteínas Proteínas sabor cookies and cream x 45g,18,"78,90",https://www.mercadolivre.com.br/suplemento-en-barra-integralmedica-barras-de-proteinas-proteinas-sabor-cookies-and-cream-x-45g/p/MLB26814864,https://http2.mlstatic.com/D_Q_NP_746131-MLU75143888680_032024-P.webp,2025-05-23 20:14:53.292715
Mercado Livre,Esportes e Fitness,Dux Nutrition Whey Protein Concentrado Pote 900g Sabor Butter Cookies,19,"179,97",https://www.mercadolivre.com.br/dux-nutrition-whey-protein-concentrado-pote-900g-sabor-butter-cookies/p/MLB29812961,https://http2.mlstatic.com/D_Q_NP_830431-MLU79388813941_092024-P.webp,2025-05-23 20:14:53.292715
Mercado Livre,Esportes e Fitness,100% Whey Protein Concentrado 900g Max Titanium Sabor Chocolate,20,"123,77",https://www.mercadolivre.com.br/100-whey-protein-concentrado-900g-max-titanium-sabor-chocolate/p/MLB18418075,https://http2.mlstatic.com/D_Q_NP_750020-MLA48062564023_102021-P.webp,2025-05-23 20:14:53.292715
Mercado Livre,"Calçados, Roupas e Bolsas",Kit 5 Camisetas Básicas Masculina Dry Fit Lisa Tradicional ,1,"50,74",https://produto.mercadolivre.com.br/MLB-2918685347-kit-5-camisetas-basicas-masculina-dry-fit-lisa-tradicional-_JM,https://http2.mlstatic.com/D_Q_NP_693684-MLB54835234994_042023-P.webp,2025-05-23 20:14:53.292715
Mercado Livre,"Calçados, Roupas e Bolsas",Moletom Liso Algodão Unissex Blusa De Frio Canguru Flanelado,2,"59,17",https://produto.mercadolivre.com.br/MLB-2821915024-moletom-liso-algodo-unissex-blusa-de-frio-canguru-flanelado-_JM,https://http2.mlstatic.com/D_Q_NP_820407-MLB80062120741_102024-P.webp,2025-05-23 20:14:53.292715
Mercado Livre,"Calçados, Roupas e Bolsas",Calça Skinny Preta Masculina Jeans Com Elastano Lycra 2023,3,"54,90",https://produto.mercadolivre.com.br/MLB-3365565438-calca-skinny-preta-masculina-jeans-com-elastano-lycra-2023-_JM,https://http2.mlstatic.com/D_Q_NP_808628-MLB54690300880_032023-P.webp,2025-05-23 20:14:53.292715
Mercado Livre,"Calçados, Roupas e Bolsas",Mochila Fashion Bolsa Escolar Masculina Feminina Faculdade Básica Cor Preto,4,"34,22",https://www.mercadolivre.com.br/mochila-fashion-bolsa-escolar-masculina-feminina-faculdade-basica-cor-preto/p/MLB30208396,https://http2.mlstatic.com/D_Q_NP_826354-MLA83333498863_032025-P.webp,2025-05-23 20:14:53.292715
Mercado Livre,"Calçados, Roupas e Bolsas",Kit 6 Cuecas Boxer Reebok Sem Costura Microfibra Original,5,"68,99",https://produto.mercadolivre.com.br/MLB-4703022818-kit-6-cuecas-boxer-reebok-sem-costura-microfibra-original-_JM,https://http2.mlstatic.com/D_Q_NP_792316-MLB76511930361_052024-P.webp,2025-05-23 20:14:53.292715
Mercado Livre,"Calçados, Roupas e Bolsas",Calça Tactel Jogger Com Elastano Active Wear Void Verão,6,"44,13",https://produto.mercadolivre.com.br/MLB-3904422855-calca-tactel-jogger-com-elastano-active-wear-void-vero-_JM,https://http2.mlstatic.com/D_Q_NP_898928-MLB80586668211_112024-P.webp,2025-05-23 20:14:53.292715
Mercado Livre,"Calçados, Roupas e Bolsas",Kit Com 4 Cuecas Boxer Algodão Sem Costura Zorba,7,"69,99",https://produto.mercadolivre.com.br/MLB-4445746114-kit-com-4-cuecas-boxer-algodo-sem-costura-zorba-_JM,https://http2.mlstatic.com/D_Q_NP_881857-MLB83281552907_032025-P.webp,2025-05-23 20:14:53.292715
Mercado Livre,"Calçados, Roupas e Bolsas",Olympikus Treino Venum Sem gênero Adultos,8,"142,99",https://www.mercadolivre.com.br/olympikus-treino-venum-sem-gnero-adultos/p/MLB28765744,https://http2.mlstatic.com/D_Q_NP_665103-MLU78864237312_092024-P.webp,2025-05-23 20:14:53.292715
Mercado Livre,"Calçados, Roupas e Bolsas",Bermuda Tectel Masculino Leve Fresca Bolsos Frontais,9,"35,92",https://produto.mercadolivre.com.br/MLB-4930586574-bermuda-tectel-masculino-leve-fresca-bolsos-frontais-_JM,https://http2.mlstatic.com/D_Q_NP_824049-MLB84560813959_052025-P.webp,2025-05-23 20:14:53.292715
Mercado Livre,"Calçados, Roupas e Bolsas",Olympikus Casual Easy 2 Feminino Adultos 43605213_2-030,10,"229,90",https://www.mercadolivre.com.br/olympikus-casual-easy-2-feminino-adultos-436052132-030/p/MLB27441892,https://http2.mlstatic.com/D_Q_NP_730788-MLA80047852002_102024-P.webp,2025-05-23 20:14:53.292715
Mercado Livre,"Calçados, Roupas e Bolsas",Mochila escolar Denlex MCJDL cor preto design lisa 25L,11,"66,98",https://www.mercadolivre.com.br/mochila-escolar-denlex-mcjdl-cor-preto-design-lisa-25l/p/MLB27286784,https://http2.mlstatic.com/D_Q_NP_714670-MLU77965311984_082024-P.webp,2025-05-23 20:14:53.292715
Mercado Livre,"Calçados, Roupas e Bolsas",Ygm Malas Mala 2040 Preto 55 Cm X 35cm X 25cm 10kg Com Ziper Extensor Abs Rodinhas 360 Leva Na Cabine Do Avisão Resistente,12,"230,58",https://www.mercadolivre.com.br/ygm-malas-mala-2040-preto-55-cm-x-35cm-x-25cm-10kg-com-ziper-extensor-abs-rodinhas-360-leva-na-cabine-do-aviso-resistente/p/MLB39882081,https://http2.mlstatic.com/D_Q_NP_653363-MLA83970662467_042025-P.webp,2025-05-23 20:14:53.292715
Mercado Livre,"Calçados, Roupas e Bolsas",Toalha De Banho Buddemeyer Avulsa 100% Algodão Vanilla Cor Roxo 1628 Avulsa Vanilla,13,"52,56",https://www.mercadolivre.com.br/toalha-de-banho-buddemeyer-avulsa-100-algodo-vanilla-cor-roxo-1628-avulsa-vanilla/p/MLB34956961,https://http2.mlstatic.com/D_Q_NP_979450-MLU75258847272_032024-P.webp,2025-05-23 20:14:53.292715
Mercado Livre,"Calçados, Roupas e Bolsas",Lanterna de Cabeça EC-62222 3 LED Recarregável Profissional Cor Preta para Capacete Ecooda,14,"30,79",https://www.mercadolivre.com.br/lanterna-de-cabeca-ec-62222-3-led-recarregavel-profissional-cor-preta-para-capacete-ecooda/p/MLB22658905,https://http2.mlstatic.com/D_Q_NP_761952-MLA83442918349_032025-P.webp,2025-05-23 20:14:53.292715
Mercado Livre,"Calçados, Roupas e Bolsas",Kit 4 Short Praia Masculino Bermuda Tactel Academia Corrida,15,"99,89",https://produto.mercadolivre.com.br/MLB-3838208885-kit-4-short-praia-masculino-bermuda-tactel-academia-corrida-_JM,https://http2.mlstatic.com/D_Q_NP_866570-MLB78924267621_092024-P.webp,2025-05-23 20:14:53.292715
Mercado Livre,"Calçados, Roupas e Bolsas",Mochila urbana Biaowang BW1908 cor preto design lisa 45L,16,"101,81",https://www.mercadolivre.com.br/mochila-urbana-biaowang-bw1908-cor-preto-design-lisa-45l/p/MLB22478643,https://http2.mlstatic.com/D_Q_NP_729794-MLU78496227208_082024-P.webp,2025-05-23 20:14:53.292715
Mercado Livre,"Calçados, Roupas e Bolsas",Moletom Liso Flanelado Feminino Blusa De Frio Canguru,17,"57,18",https://produto.mercadolivre.com.br/MLB-1597233025-moletom-liso-flanelado-feminino-blusa-de-frio-canguru-_JM,https://http2.mlstatic.com/D_Q_NP_964871-MLB84604906463_052025-P.webp,2025-05-23 20:14:53.292715
Mercado Livre,"Calçados, Roupas e Bolsas","Sutiã Plus Size Base Cruzada Reforçado, Up",18,"37,49",https://produto.mercadolivre.com.br/MLB-2203222106-suti-plus-size-base-cruzada-reforcado-up-_JM,https://http2.mlstatic.com/D_Q_NP_941527-MLB83872317076_042025-P.webp,2025-05-23 20:14:53.292715
Mercado Livre,"Calçados, Roupas e Bolsas",Olympikus Casual Only 2 Sem gênero Adultos,19,"130,99",https://www.mercadolivre.com.br/olympikus-casual-only-2-sem-gnero-adultos/p/MLB27307185,https://http2.mlstatic.com/D_Q_NP_970200-MLU79169703003_092024-P.webp,2025-05-23 20:14:53.292715
Mercado Livre,"Calçados, Roupas e Bolsas",Kit Organizador De Mala Viagem Necessaire Saquinhos 6 Cor Rosa,20,"20,33",https://www.mercadolivre.com.br/kit-organizador-de-mala-viagem-necessaire-saquinhos-6-cor-rosa/p/MLB29400059,https://http2.mlstatic.com/D_Q_NP_666761-MLU73723016529_122023-P.webp,2025-05-23 20:14:53.292715
Mercado Livre,Acessórios para Veículos,"Modulo Taramps Ts400x4 Amplificador Som Automotivo 400w 2 Ohms Digital 400rms 4 Canais Entrada Rca Potencia Carro Moto Caminhonete Picapes SUV T400 Ts 400 Watts Estereo, Sub, Falante, Drivers, Tweters",1,"185,90",https://www.mercadolivre.com.br/modulo-taramps-ts400x4-amplificador-som-automotivo-400w-2-ohms-digital-400rms-4-canais-entrada-rca-potencia-carro-moto-caminhonete-picapes-suv-t400-ts-400-watts-estereo-sub-falante-drivers-tweters/p/MLB21941637,https://http2.mlstatic.com/D_Q_NP_896874-MLU74917793798_032024-P.webp,2025-05-23 20:14:53.292715
Mercado Livre,Acessórios para Veículos,Tag Ultrapasse - Pagamento De Pedágios E Estacionamentos,2,"19,90",https://produto.mercadolivre.com.br/MLB-5314914634-tag-ultrapasse-pagamento-de-pedagios-e-estacionamentos-_JM,https://http2.mlstatic.com/D_Q_NP_867320-MLB80681288444_112024-P.webp,2025-05-23 20:14:53.292715
Mercado Livre,Acessórios para Veículos,Mini Compressor Digital Tippi Bomba De Encher Pneus Bola Portátil Para Motocicletas Carro Bicicleta Preto Com Calibrador 127/220V,3,"81,68",https://www.mercadolivre.com.br/mini-compressor-digital-tippi-bomba-de-encher-pneus-bola-portatil-para-motocicletas-carro-bicicleta-preto-com-calibrador-127220v/p/MLB22341692,https://http2.mlstatic.com/D_Q_NP_891811-MLA84350213063_052025-P.webp,2025-05-23 20:14:53.292715
Mercado Livre,Acessórios para Veículos,Modulo Taramps Som 800w Ts800x4 2 Ohms Entrada Rca e Fio T800 4 Canais Potencia 800 Watts Estereo Automotivo Ts 800 Rms Amplificador para Carro Moto Caminhonete,4,"341,60",https://www.mercadolivre.com.br/modulo-taramps-som-800w-ts800x4-2-ohms-entrada-rca-e-fio-t800-4-canais-potencia-800-watts-estereo-automotivo-ts-800-rms-amplificador-para-carro-moto-caminhonete/p/MLB21562564,https://http2.mlstatic.com/D_Q_NP_873713-MLU75298793652_032024-P.webp,2025-05-23 20:14:53.292715
Mercado Livre,Acessórios para Veículos,"Pro Tork New Liberty Casco De Moto Three Negro Liso Abierto, Talla 58",5,"115,60",https://www.mercadolivre.com.br/pro-tork-new-liberty-casco-de-moto-three-negro-liso-abierto-talla-58/p/MLB18464300,https://http2.mlstatic.com/D_Q_NP_900546-MLA47633861784_092021-P.webp,2025-05-23 20:14:53.292715
Mercado Livre,Acessórios para Veículos,Cadeira Para Automóvel 9 A 36kg Preto E Vermelho Styll Baby,6,299,https://www.mercadolivre.com.br/cadeira-para-automovel-9-a-36kg-preto-e-vermelho-styll-baby/p/MLB20317913,https://http2.mlstatic.com/D_Q_NP_611148-MLU74842099652_032024-P.webp,2025-05-23 20:14:53.292715
Mercado Livre,Acessórios para Veículos,Cera líquida Vonixx Blend 500 ml,7,"56,56",https://www.mercadolivre.com.br/cera-liquida-vonixx-blend-500-ml/p/MLB26380332,https://http2.mlstatic.com/D_Q_NP_906485-MLA82249529829_022025-P.webp,2025-05-23 20:14:53.292715
Mercado Livre,Acessórios para Veículos,Capacete Fw3 Integral Fechado Gtx Fox C/ Óculos Interno Cor Laranja Tamanho do capacete 60,8,"419,90",https://www.mercadolivre.com.br/capacete-fw3-integral-fechado-gtx-fox-c-oculos-interno-cor-laranja-tamanho-do-capacete-60/p/MLB23901646,https://http2.mlstatic.com/D_Q_NP_603291-MLA73930885276_012024-P.webp,2025-05-23 20:14:53.292715
Mercado Livre,Acessórios para Veículos,Amplificador Taramps TL 1500 3 canais 390 WRMS,9,"212,29",https://www.mercadolivre.com.br/amplificador-taramps-tl-1500-3-canais-390-wrms/p/MLB23125523,https://http2.mlstatic.com/D_Q_NP_840115-MLA84175301080_052025-P.webp,2025-05-23 20:14:53.292715
Mercado Livre,Acessórios para Veículos,Luva X11 Blackout Moto Motoqueiro Motociclista Motoboy Cor Preto Feminina Tamanho G,10,"112,86",https://www.mercadolivre.com.br/luva-x11-blackout-moto-motoqueiro-motociclista-motoboy-cor-preto-feminina-tamanho-g/p/MLB27082330,https://http2.mlstatic.com/D_Q_NP_814575-MLU72826452247_112023-P.webp,2025-05-23 20:14:53.292715
Mercado Livre,Acessórios para Veículos,600 Panos Multiuso Perfex 20x40cm Inoven Rolo 240m Limpeza Cor Azul,11,"62,25",https://www.mercadolivre.com.br/600-panos-multiuso-perfex-20x40cm-inoven-rolo-240m-limpeza-cor-azul/p/MLB19588855,https://http2.mlstatic.com/D_Q_NP_631540-MLA79195813796_092024-P.webp,2025-05-23 20:14:53.292715
Mercado Livre,Acessórios para Veículos,2 Pneus Aro 29x2.10 Eruption Levorin Bicicleta Mtb Balão Cor Preto,12,"127,91",https://www.mercadolivre.com.br/2-pneus-aro-29x210-eruption-levorin-bicicleta-mtb-balo-cor-preto/p/MLB27282051,https://http2.mlstatic.com/D_Q_NP_693415-MLU71933151961_092023-P.webp,2025-05-23 20:14:53.292715
Mercado Livre,Acessórios para Veículos,Limpador De Para Brisa Dianteiro Palheta Original Bosch Par,13,"70,99",https://produto.mercadolivre.com.br/MLB-3782053541-limpador-de-para-brisa-dianteiro-palheta-original-bosch-par-_JM,https://http2.mlstatic.com/D_Q_NP_678551-MLB82323949258_022025-P.webp,2025-05-23 20:14:53.292715
Mercado Livre,Acessórios para Veículos,Shiny Revitalizador Pneu Pretinho Longa Duração - Vonixx Cor Vermelho,14,"53,97",https://www.mercadolivre.com.br/shiny-revitalizador-pneu-pretinho-longa-duraco-vonixx-cor-vermelho/p/MLB28830769,https://http2.mlstatic.com/D_Q_NP_675474-MLU79293281265_092024-P.webp,2025-05-23 20:14:53.292715
Mercado Livre,Acessórios para Veículos,Limpa Rodas Izer Vonixx Descontaminante Ferroso Remove Ferrugem Ph Neutro,15,"39,86",https://www.mercadolivre.com.br/limpa-rodas-izer-vonixx-descontaminante-ferroso-remove-ferrugem-ph-neutro/p/MLB26677215,https://http2.mlstatic.com/D_Q_NP_653458-MLU73803923666_012024-P.webp,2025-05-23 20:14:53.292715
Mercado Livre,Acessórios para Veículos,Óleo de motor Quiksilver 2 tempos TC-W3 2 Tempos para veículos náuticos 1 kit de 6 unidades x 1L / 1L,16,"324,90",https://www.mercadolivre.com.br/oleo-de-motor-quiksilver-2-tempos-tc-w3-2-tempos-para-veiculos-nauticos-1-kit-de-6-unidades-x-1l-1l/p/MLB32324625,https://http2.mlstatic.com/D_Q_NP_680813-MLA74309243038_022024-P.webp,2025-05-23 20:14:53.292715
Mercado Livre,Acessórios para Veículos,Assento infantil para carro Burigotto Protege Assento Protege Lisa mesclado negro,17,"114,11",https://www.mercadolivre.com.br/assento-infantil-para-carro-burigotto-protege-assento-protege-lisa-mesclado-negro/p/MLB16091843,https://http2.mlstatic.com/D_Q_NP_684854-MLA43656127087_102020-P.webp,2025-05-23 20:14:53.292715
Mercado Livre,Acessórios para Veículos,Capa De Chuva Moto Pioneira Impermeável Motoqueiro Pvc Preto,18,"117,01",https://produto.mercadolivre.com.br/MLB-2089373830-capa-de-chuva-moto-pioneira-impermeavel-motoqueiro-pvc-preto-_JM,https://http2.mlstatic.com/D_Q_NP_698702-MLB82786022555_022025-P.webp,2025-05-23 20:14:53.292715
Mercado Livre,Acessórios para Veículos,Mini Compressor Bomba De Ar Calibrador Digital Sem Fio Pneus CZK 3668 Cor Preto,19,"81,68",https://www.mercadolivre.com.br/mini-compressor-bomba-de-ar-calibrador-digital-sem-fio-pneus-czk-3668-cor-preto/p/MLB26197831,https://http2.mlstatic.com/D_Q_NP_718080-MLA79377679260_092024-P.webp,2025-05-23 20:14:53.292715
Mercado Livre,Acessórios para Veículos,Limpa Vidros 4 Em 1 Glazy Tira Marcas Dedo Pano Aplicador,20,"40,10",https://www.mercadolivre.com.br/limpa-vidros-4-em-1-glazy-tira-marcas-dedo-pano-aplicador/p/MLB38486837,https://http2.mlstatic.com/D_Q_NP_805757-MLU77605343932_072024-P.webp,2025-05-23 20:14:53.292715
